index,text,confidence,assigned_cluster,probabilities
125,"Miranda waited, then said, “But what will I do for a whole year?”",0.651063787001024,0,"[0.651063787001024, 0.0, 0.3489362129988435, 0.0, 0.0, 1.3293599000653012e-13, 6.873859680962843e-123, 0.0, 0.0]"
405,"Lily stretched her legs out in front of her and cricked her neck. “Oh yes? What do you remember, my Miranda?”",0.6358677271601028,0,"[0.6358677271601028, 0.0, 0.3641322728398971, 0.0, 0.0, 3.5650645629585063e-20, 0.0, 7.379848669209912e-231, 0.0]"
756,“Indeed. Junior reporter at The Dover Post. Probably just retyping memos from the council on their new initiatives or something. What’s the mannequin for?”,0.5344679947080536,2,"[0.46553200474735373, 0.0, 0.5344679947080536, 0.0, 0.0, 5.445925134591177e-10, 2.194069958751043e-155, 1.8904884871395355e-128, 0.0]"
958,"“You’ve . . . changed a lot,” I said.",0.6553840908505617,0,"[0.6553840908505617, 0.0, 2.049478116005933e-06, 0.34461385967132246, 0.0, 2.508373251932555e-19, 8.754756365068141e-69, 0.0, 0.0]"
1032,"“Er . . . well, then the woman took Eden’s hand and they went home together.”",0.5719749292108547,3,"[0.4275173743761041, 0.0, 0.0005076964130411336, 0.5719749292108547, 0.0, 3.9322037884456034e-17, 9.169551370173306e-40, 4.809759849233199e-188, 0.0]"
1087,“Why don’t you think it’s possible?” she asked. “Because everyone can see me?”,0.5171798923891254,2,"[0.4828201076108736, 0.0, 0.5171798923891254, 0.0, 0.0, 9.856359638199498e-16, 0.0, 0.0, 0.0]"
1307,"“I’m sorry,” Sade said, eyeing me. “You are a maid of Kent, are you not?”",0.6344371454355907,2,"[0.36556285391395366, 0.0, 0.6344371454355907, 0.0, 0.0, 6.50455570699483e-10, 1.266317635559632e-43, 5.97823747415166e-245, 0.0]"
