index,text,confidence,assigned_cluster,probabilities
647,"“Hello, Eliot .",0.5155957671464885,1,"[8.625796717410469e-21, 0.5155957671464885, 0.48440422343167194, 9.421839462640821e-09]"
